<?xml version='1.0' encoding='utf-8' standalone='yes' ?>
<map>
    <long name="sites_visited_weekly_time" value="1757799283043" />
    <string name="origins_visited_date">9/14/25</string>
    <set name="related_sites_visited_weekly_set">
        <string>40582497</string>
    </set>
    <set name="origins_visited_set">
        <string>2493596896</string>
        <string>2404572801</string>
        <string>2707948231</string>
    </set>
    <set name="sites_visited_weekly_set">
        <string>238543648</string>
        <string>40582497</string>
        <string>1226947555</string>
    </set>
</map>
