<?xml version='1.0' encoding='utf-8' standalone='yes' ?>
<map>
    <boolean name="PN_registered_successfully_with_MPRS" value="true" />
    <string name="PN_registration_id">f8VU2_OuRiOHW8GnOmfOR2:APA91bEoWqjmuZEVJsde6S_XJidHzjEPMI8ywbhpyvfyZDlU7kJZB-XMmiBj9x4XvPnYMGkiMNf7yyzd4Le4Z0Ty7htVPlZoC9LjejeaCoNfiShrmspJAQA</string>
    <string name="PN_OS_notification_state">ACTIVE</string>
    <int name="PN_sequence_number_int" value="2" />
    <boolean name="isHfrSupported_Cache" value="false" />
    <string name="mostRecentlySeenMarketplaceId">A1F83G8C2ARO7P</string>
    <boolean name="isHdrSupported_Cache" value="false" />
    <boolean name="isUhdSupported_Cache" value="false" />
    <string name="mostRecentlySeenVcrPivot">UK:AWAY</string>
    <boolean name="EventSync_shouldForceProcess" value="false" />
    <string name="PN_OS_version">10</string>
    <string name="PN_application_install_id">EU:amazonaiv:0497079e-6a28-4310-8012-77faa200fe59</string>
    <string name="playbackSupportInfo_Cache">SUPPORTED_HARDWARE</string>
    <boolean name="isDolyDigitalPlusSupported_Cache" value="false" />
    <string name="deviceVideoCodecOverride_Cache">H264</string>
    <boolean name="isHevcSupported_Cache" value="false" />
    <boolean name="isPlaybackSupportCached" value="true" />
    <string name="deviceBitrateAdaptationsOverride_Cache">CBR;CVBR</string>
    <boolean name="isHdSupported_Cache" value="false" />
    <string name="PN_app_version">Premium</string>
</map>
